Sample,True Class,Pred Class,Insertion AUC,Deletion AUC
1,nv,nv,0.9508555342956464,0.9747953871074987
2,nv,nv,0.9027508224303624,0.693977825191556
3,nv,nv,0.9772553231034959,0.9222989276963837
